,tau,fees_R_X,fees_R_Y
0,196880,0.000001362045002831864940993316011524164082509327754497,620.9286244152849889113406960284536613735513244664
1,196890,-0.000002074414105171054345461311451062849854468500714503,-909.4888601041060568942859267064305872685148626377
2,196900,-0.0000040053078437660764622816750411872827692406308896749,-2470.3674945776526116095994062510928490939531993396
3,196910,0.0000041222417756712920344542924585578489634251450341359,2516.9981969473925187142213364106602725140644755521
4,196920,-1.13841823038806925205593669220245818519434902947E-7,-46.4380954042790896403360255710069077863854044110
5,196930,-0.0000031014765609210156865801644749448210101067149465270,-2084.0690505861923105210541720323014133937051134832
6,196940,-0.0000016849833442096976539574993791325467438540999478983,-742.5836956200235557427886572558492877321765195810
7,196950,0.0000049228264398089636113258803068412594803563441670843,2881.1415615427179723000513622036478673074988640659
8,196960,-0.0000037986050319422466032120157506067343036357179057873,-2390.1746803764743817435617182458909569227822859004
9,196970,-0.0000010364266224127637038428394875977921424802823223195,-458.2225634332183534274750842822110314566125619035
10,196980,7.121229730179290847290407472913888424598158606669E-7,330.0258615312363893113935297369866165252839589463
11,196990,-6.558322634367339071990843381547548884775850476773E-7,-309.0925897219484498027471224538920510949362571156
12,197000,0.0000048053126487494833997844546588905480793634349003022,2837.0063527026559147416803154093721731225569776604
13,197010,0.000001678842671442272677603397230534651649262971876606,755.0867608436706361242540980619715221032856508630
14,197020,-0.000001056672463919968448454433334603200684804399693498,-503.6075501394992335362011327575007905285824382726
15,197030,0.000001123491936741724861348087937769379046695345471748,529.3192823159559382334303241027137938864455553197
16,197040,-0.000001115670717967317171593848620975887440025515614047,-526.4925690554827667024329646538925354724962593704
17,197050,-6.10628365063605739116550951434074113941083064252E-7,-247.3124116535323197756453715123612354360742715847
18,197060,-0.0000040474186411247381981877617239730019517344868466976,-2490.1465755361180066913639238218860481900439485169
19,197070,8.6371967740236016457216972076498034676620592028E-9,3.1282265721866325275070202337409934279419303803
20,197080,0.0000040553990313408675471775114799643835210134595508968,2493.0404628352419957496789888246329925330020427359
21,197090,4.760486248273282668431545587487628929271325842E-9,1.7292072482690836572500836248266981607602850381
22,197100,-0.0000047239056737514160661979543360331188622892417597513,-2807.4983744740157922814076135179343423116098650752
23,197110,0.0000065924902496646430795702597015762660383922280972723,3638.4038267822455076547158009610510511505145750231
24,197120,-0.0000065761783675696037262105869046025348195318534278094,-3632.4532466308071558961676698312259832623938646988
25,197130,0.0000051374561870944189503287684345041039561468494130504,2976.8400600363299988650337657800617437473195669976
26,197140,-0.0000044228671834168453383092798049498567277575793168590,-2645.6409595902105644903987506338542940702266311041
27,197150,1.47427028737409752316982365684704086758794635774E-8,5.3914520066949271768972686230816311994320448185
28,197160,-0.0000075751100627160292953761156848796298293932718328264,-2370.5530383844496304216193607932151311675008983952
29,197170,0.000012688895988942763152196662843789243252385538522687,5308.9149637279719772601141592141499483111227359638
30,197180,-0.000001076533104448559217948167863725234652626694337086,-451.8771729850599991401907620558733106730402962926
31,197190,-0.0000037052364058235854369600466704146947120781195927796,-2355.5935915479550238387591133204943584037396888552
32,197200,-0.0000079071264786706184972884483096493138876807245928214,-2501.4441991949569542811642838377822792343427508160
33,197210,0.0000069415390810643489649843689591201757267062938457573,2068.9723918918327761633103488150366578992354082390
34,197220,7.2641387872449523567176764937848253409578289981E-9,2.7359695077995894910913063830980035814288710756
35,197230,7.011874411264018357037277165715103145729404137994E-7,326.2995425635683442916866095289193827937354952486
36,197240,0.0000042271023669399587232193846060799428392589190713392,2567.8639234767352910409046877012088471040254982808
37,197250,8.3937187539915243879143895549427709081798242559E-8,31.7724634321580661434876852262239047020523148288
38,197260,-2.95236283070640104295326808176624050305652139996E-7,-120.9457261111367682937248034976660406448386465174
39,197270,0.000002026822271451172171568940511612241390503422210004,918.4894465779284262053255141815539880292660818151
40,197280,-0.000001753559631836214664854378684507925429363596718458,-806.1523347449504449305034636818492154217019233405
41,197290,0.000001476831765990932779437662191501986102289808002666,675.0734469492729864404023277967657462740021114576
42,197300,-0.0000064179957950014127283362625561049762462234957090324,-3574.6775577693363290357554305078388889440283802913
43,197310,-0.0000069978925429917071736639775081395431818613950476366,-2089.4315657738719375162247819454523853731768307963
44,197320,0.0000081281837808878757152607590987360302335306761998325,2585.3959820389881778010697786463180570721174821676
45,197330,-3.847985648295695364761352335876904880475237827886E-7,-152.8311827926950850717882381326370356350962263205
46,197340,4.071681391896970871022442790651972379382826874752E-7,161.1104192360408128918478138046627738116952229904
47,197350,0.0000035768812224182862315088976373762696209692102163809,2305.8466056149282706529984010025126053886096117762
48,197360,0.000001662125080333071524068086098132516986538942739152,754.5423569894283029481449233552617418992282842831
49,197370,-0.0000064111728030983473356288645393475977511346403891451,-3576.2139645803967948854655162635854923873046730684
50,197380,0.0000046470239688006843003446584240793903615411378177311,2778.5859299249735700034481331197419698798799388404
51,197390,-0.0000035089100028283109452490421678474302277261656210944,-2276.4393471379799931971004713025355507972995089177
52,197400,-5.828904471050309895129861643546283998426608033136E-7,-253.0011854084163471786842786789408467123606065444
53,197410,0.0000041476712205704154254209974883534555444889053847260,2551.1734649088152264433122560572749760181148815078
54,197420,-0.0000034628405424099411805481169661705769044975458601338,-2259.1284823008977819110187351828061491765755462233
55,197430,-1.94651326283123728070384202630720315891985161290E-8,-7.6579053945219863664269840358390239400780425451
56,197440,4.31819968132737459245441636450012106263029424556E-8,16.5695187768831828342245818076571572699157547219
57,197450,-7.658652415418720241499297355622551977368129075706E-7,-336.4781735286262037920624188937998036421801390132
58,197460,0.0000043448075787713270869006528709983028686202066612398,2643.1513949653764487610968930733615478366138075105
59,197470,-0.0000036808449652565416306259607119111471515631791532038,-2346.8080415566143808633063768896854102658612971215
60,197480,0.0000039416670389145119232895314970791573798201010622408,2454.7742625391443600224014528289740377592446911656
61,197490,-0.0000041557506405179266899742375370660453068623483542836,-2541.5869885955444488711348568852374600409309548148
62,197500,0.0000041555198809129108740625810122844209111541462500316,2541.4074198622336782310610859892694169023284551302
63,197510,7.021378226507566534173495905976847360049861332E-9,2.6550935170997398700301193064235967868303052189
64,197520,-0.0000048197222234770026844946963526014870625779196400446,-2854.0972500569140723281786693631073920889351647095
65,197530,1.43408139706760865374892602053454633171704712988E-8,5.4346070196059090446716985448573365849107445661
66,197540,0.0000048417632847178968583676954998913395974489417306598,2862.5437628423134312132352993158333341594349808410
67,197550,-0.0000038411161132604850904685322271822083757062293928663,-2415.7955136987027189063086551853831637716201431468
68,197560,1.156464438088776589275682561171046264638803647567E-7,46.8071495988989289202905657597932368084539406731
69,197570,-0.0000010455755403851711188060414213530513699497425818470,-466.6319651300587259982194128780673558357961611666
70,197580,0.0000047597343975314662259566608183392204958753351453946,2831.3240652614678765987386717044204794824877247701
71,197590,-1.83899913052940224696531288423474610638057011347E-7,-78.7661965808608795506525364956237659239558791806
72,197600,-0.0000035875029470992089044083753608727359785593658323711,-2310.4747309626841461419426235926564075914598572677
73,197610,-9.366774182580484844194169859976884576848806440247E-7,-422.4313316951159075998200565383438699605993798363
74,197620,4.707051958338750418050221265716183240667640514376E-7,218.4594519281614045252727191098429476884940301862
75,197630,0.0000042563078866484727011296893600952201219441913238112,2599.6576289564299305012474403839933301604961221486
76,197640,-0.0000037029684505590384250312203318420731655145448004466,-2361.9326983818454462526625659609078698214615546876
77,197650,0.0000037745271648607425247495128133391831109067940465186,2389.9890900848225339939926640565355964032517125550
78,197660,-0.0000040915955890084441084750664126013213574590028678031,-2517.3446752675616686269793889572208524244210513815
79,197670,3.011475800402382204807641226435770879974160412380E-7,120.9432986430711670714566116237159867055814669890
80,197680,-8.990022277833780936146000685893526707980036381309E-7,-407.9539089063948107795803032764468955291286205037
81,197690,9.176009498439302183490746999717903428719725889349E-7,415.1149542188958136815297541709618459419978241725
82,197700,0.0000038036084111881072835901227454280496582037227654291,2401.4768809838004870872834133468754460356502884403
83,197710,-2.10543722252086221174900023210482274561261443610E-7,-88.8383958472789021550587274283145988215312646819
84,197720,-0.0000038216110248529231161378965172402305635104174845305,-2405.8302833299639798952735807723104498655580794975
85,197730,1.25744989605711661295482288982596108641502318653E-8,4.8594010523050930184651742545450270686557228919
86,197740,1.30665501421222557391282927594721312195218797638E-8,5.0584254029125462991953863719653915696734433001
87,197750,0.0000040347384377628602552406028589175213945156717897714,2495.6798567744278683483876797723732127238928903505
88,197760,0.000001175095061045520037626873785921357848893681685902,560.7751816705808459531081584981592556186459200737
89,197770,-0.000001441413662834186969205009408316723680633530130580,-673.9887663214345515299437055020219610277560308237
90,197780,2.85326319288174335012553139290817936188272656975E-7,120.5948544337688795409327063287613464230675385457
91,197790,-0.0000037308183961599104747489265078526951919368845902249,-2373.1746028908525831164011879077266710363219675495
92,197800,0.0000037440330634961495487927485797836871004524817445409,2378.3188011480188895512177078928276300710898619204
93,197810,1.0052374144014680331573832676325063103988785580E-8,4.2233530549006873450407211352389621294380972216
94,197820,-0.0000037234271039305071041705882469863343555037982386932,-2370.5577345717744170460324569958702427786988306352
95,197830,0.0000039751581251498066838393385392051294969749264310992,2473.9835228483185786389852179243199207224560328208
96,197840,-0.0000041898562426569588826543476579150534454588574314566,-2562.5957108644520154605503125687263464783150036974
97,197850,0.0000039506296395287164401762030996222446889669007337486,2463.7545234543110297617047944235455716642167440499
98,197860,-0.0000039545004162313468436337268887230961814515388154079,-2465.3039568779063479860842452700108259110400323813
99,197870,-5.118971645180201310854899226873176941680900988312E-7,-251.3420068210322692156164433496526457784797404110
100,197880,0.0000045026520671596485465842968883344632155983493024181,2731.0063101947365890615012482162266150073253389485
101,197890,-0.0000045010653524418705375302430868775049248696692088439,-2731.1117807767691511085493008646271659506836193937
102,197900,0.0000043065856937186771061722371482170190751469835844279,2648.4304610836750168045522290521429533841373465144
103,197910,-0.0000035052018891377448027810102510045715284948562128374,-2278.3793861998967659131359888621613820691756852677
104,197920,1.58465192594398328490979077111153478666060408084E-8,6.2540792791132180451529633403731293038752934866
105,197930,0.0000037074811572666113998004359716830381672620630257000,2364.0159131421095128254143372604862338323757850268
106,197940,-0.0000036891433452134326610567234953922402018673829055530,-2356.7525012464671390356507677351221669676883570480
107,197950,0.0000037032498607314078650742721948465820972226671204420,2362.3530304328406119874002200903559125343001473320
108,197960,-0.0000039447366709177360809637824209010921115893785028712,-2462.7169630596086140844978222401064704146381014304
109,197970,0.0000034498491866838874367203902241288779533187420724522,2246.7822470804399297316395250654537182161821801063
110,197980,5.28707946191909802921871629298833536416638103440E-7,229.4210507657713580654868041620539826873029784402
111,197990,-4.62926179636450713007826315707928177531031001605E-7,-199.2202197315863031466220938287145411382105842467
112,198000,-0.0000039007922131293132975698602289640992417671468762772,-2476.4122092786711796052949561237787075018762824802
113,198010,0.0000040417375549250855254665604558143904549456117184962,2537.6291116051109038287894784320178570812680800573
114,198020,-0.000001038497994682408529478476772120738827755542039410,-593.6696013822385671236951524914190084590395273516
115,198030,-0.0000030480700217871849793140317484128013502699861701691,-1963.5484642367808020740229754361579346541523367685
116,198040,5.964450582673275946762222863283453948337250679116E-7,286.1729212383644694777284154585278372470075335027
117,198050,0.0000050063719555278134662166787914108370260779944238255,2991.8519699873723332072444559797210042454820789179
118,198060,-0.0000055210792884889517877221364815242267636446330795110,-3244.8881471344967149480558243533804186598933465433
119,198070,-1.462221714133320487938767814952851683816925359891E-7,-63.6055610342636463270593003613164859459314265412
120,198080,7.783298719043491447035327212230967084961723113574E-7,364.2838933177581003979053889845004510025722158478
121,198090,-6.043297065312828014648431340481285995885000723506E-7,-289.7414457101444231323653158062133114151587819033
122,198100,0.0000054439925464868712427351926582200696218018888789893,3209.7884573296085055344057918164338507632169933491
123,198110,-0.000001216592953497731833484845463067585342097617629490,-592.2353064911702522289104868709680305194515571753
124,198120,-0.0000039872644200931549941642732934776542535149093661179,-2504.4386928765724852457071036377254112262121560128
125,198130,0.0000045171984978673387479043407084936833025004287858189,2732.8936394810785449622850609129186076820858221094
126,198140,7.59307953497783456252086887917620272631839754869E-7,400.3071646106332964144995902541578611404274361779
127,198150,-0.000001372775030829535758167787409075777766423639855017,-665.7497697839756969266170313159742454670912866388
128,198160,4.37220899945916778202820508697594350569109399648E-7,186.4618675437121609574186670413531373217873125534
129,198170,-1.41651539394767163871904890971831601159439918398E-7,-59.6841237160062746300458746937150755575480020662
130,198180,-0.0000037839815018244164247461093844428135580054376929898,-2397.6604219397151953411416032739832137655857186911
131,198190,-4.921594039214572137069389917405381848688349219362E-7,-243.3010097843482284044074981472109089337732106489
132,198200,0.0000015936248988956244640502111782081192839091482487214,949.8624243908952460984146460573471420780460676554
133,198210,0.0000035648435959862666870171920429172984484502024940356,2135.9406601570728113332654560706189562038424421436
134,198220,-0.0000046229457885311702088032924112251490573574499022145,-2824.9442557942065830157493401932070909605773463214
135,198230,0.0000038957910889649022274188335209937521205871439990635,2445.2018312230707754818152751432630528981733505382
136,198240,-1.06579705827143643184520523629082851214833150853E-7,-45.2857020479566093191250903376168838112677518992
137,198250,-8.55310069039094233850829609009458784614264172140E-7,-425.7487153308803221574807107900154779204301453618
138,198260,9.91679766198935628562872788747406191991747856832E-7,483.3811764305097484735598609713434993773970755833
139,198270,-0.0000044148823780503195985004028270731336610475225826158,-2700.2329694561985890919986728992833315487501376952
140,198280,0.0000044196186662552418317257456522937673153923880786708,2702.1733892272679918281327879670131404710508648836
141,198290,-0.000001500185508574477206745403544158244473745762110731,-812.0660239226432036113268254087548151272595771748
142,198300,-0.0000023434085071045138325468102564598427705698495090871,-1612.0371831026608250390523959894330857839962733509
143,198310,-1.548209299410820216838725471081201240066820696309E-7,-77.1341875634258203531781246024738858199096155711
144,198320,0.0000035254253148899002472065824290306174025352398461000,2296.3763325214983139887453383218712279447721507391
145,198330,-0.0000033921145403090390328660030728370003064547465559111,-2228.8186385808747371680485616832582826381207948146
146,198340,-0.0000088918639775725977472572886806188910644654283329229,-2878.2109091114785163017177979541284895099146372192
147,198350,0.0000090810934369826296820413786026761942790683115299532,2958.0793334711027317953844891476697654897683158176
148,198360,-0.0000090810934369826296820413786026761942790683115299532,-2958.0793334711027317953844891476697654897683158176
149,198370,0.000013406572665014860155076641128503664797799972451782,5658.7238566617447539971955184414294291058521391807
150,198380,-0.000013406572665014860155076641128503664797799972451782,-5658.7238566617447539971955184414294291058521391807
151,198390,0.0000085193985333189772105158391786447102924135081975335,2684.9477838210532196360677236159261670957157582977
152,198400,-0.0000041649502114027468301072052864284257491881190159734,28.8232744058660161167611990079544198464288751769
153,198410,0.0000083933620220003313430699845071166572536278241207129,2593.6857851678874265613232315067868096363102777212
154,198420,-0.0000036092913619167299419401313167177885663159387681280,-2325.6471974595472546532909643084974820513480976090
155,198430,-5.775101259284927876974413315960066566475834321119E-7,-279.6268253674043093848068212932029933608322260676
156,198440,0.0000041403980808935121549054457021138798800787903254999,2585.1728972821504546733483432608687467183777639892
157,198450,-0.0000041269070313745416880732333343043961007592055340591,-2579.5448945601797131033222814756285796898027704554
158,198460,0.0000041543402697061906727023976249771923190913641490471,2591.0735591500921967246003606664106337536022205481
159,198470,-0.000001408538643726957599451194771850962854119597059116,-802.4690660567943979290346077390558332068261066878
160,198480,-0.0000027413144408309056374662159337062467621827986927211,-1787.0510939782430138627388510774619723468184428678
161,198490,0.0000051136885608245435742366646459186839679629426068831,3085.8452469604713322765853036114406737054808738201
162,198500,-0.0000045000191554795759454358401135165079880225696566644,-2790.8412975385945053476851431692876859638502789822
163,198510,0.0000042695434947480983862038145376111609110823239843334,2678.3014507717021765261862590860694964862602091068
164,198520,1.79401732224567447417883322260957456539771381883E-7,87.2352679284860558276357473010396718832411365405
165,198530,-0.000001104400513472309368250101530486857210788142798106,-555.1403076642258211988709747988875144383718659643
166,198540,0.000001072235125052564306060515995713821185941599521548,538.6129668162234030594513349865011363208195172842
167,198550,4.5230329512404240488287049706688944033577901652E-8,23.0186664488234699735344414956582627910771358542
168,198560,-0.000001056539034266002520211685252842983724241636347152,-535.3800619303382730837626477001524644066370414560
169,198570,2.42258722634028623854609193485787153892186942810E-7,105.4621221469415318132520104481621626225080292132
170,198580,-3.96715268192670397524596659424157936637395755389E-7,-173.8880451238052577792574497840812045917473190202
171,198590,0.000001228082488973907044373405350577544440364521004887,612.5946780261115692521200583707239715421438816611
172,198600,-0.000001000467158058154075230847420549256622722184167500,-512.4426082497132253275051781187668902836448494692
173,198610,-1.08022455555530032709693443727010046465418600422E-7,-47.4209966405676506692984241543506309991447862575
174,198620,-3.13165530939927533414541985693150432775403202720E-7,-166.0425036562939567712722578467264458817751481895
175,198630,-0.0000030000138808074477162293493210094857662392151139867,-2031.2934431265827955761093177976486748117714111179
176,198640,0.0000035548129667959003855484869906744075939981975843497,2302.9015160785712482182859552835763842452394262354
177,198650,1.985497294330546806105983667922249358529170702E-9,0.8387858177240816060540824206185051521055015643
178,198660,2.7689011202591789960496398773605015130585236577E-8,12.0937762814730558033060543918774577649091177820
179,198670,-1.9749993077541034854683615252227105646755776732E-8,-8.7172434192104872306014771695916875258386589217
180,198680,-3.31817016018423708688127836657280599287779485495E-7,-148.5916068392693642336440049395927272186209858478
181,198690,-0.0000036636534974452644861545647186621869623765012919900,-2375.8300608690985047806442517878225072006605607491
182,198700,2.35098425011839848659158069650262364049093735146E-8,10.1336657605505048392314652794844650216533274847
183,198710,2.663521743428975804960298189174588889126826636398E-7,132.6213975302697466019105369388901276068715718907
184,198720,-2.427566790981906448943089764411255802394582677187E-7,-122.5892767639366099606696800565590993841497560499
185,198730,1.43922159141075697732484334723312901183559748689E-8,6.1630331185158943996101148008357504737381341182
186,198740,-4.1143891513935194338460644703512999346528954419E-9,-1.8482478151458483269778320744630618775289201119
187,198750,1.19832105405848991995769177923282350714238431210E-8,5.1291900093143442597538136711585739276952945873
188,198760,2.18292742431858649908166279264002950043565663317E-8,9.4293604576404798756769994240096828938794883828
189,198770,1.15765869913141670340641813311499878856228370934E-8,4.9990415550138253766482930354580192023882810312
190,198780,1.4842370302782224605063777654446938274735056565E-9,0.5691263920494728326003684360856345185357102953
191,198790,-0.0000089236079900026945471964857320767503261501910312173,-2855.2878148679805170344515317477592979696123067603
192,198800,0.000013481802460571391022528258735418055662709253220657,5691.0909454031701691664990024962147092010255411513
193,198810,-6.11235901851358806140055715759846148073886838255E-7,-332.1004300599667054774370807733669086516261906143
194,198820,-2.10391828621818571225606546942796456281242815527E-7,-93.5305877828599632866307462995055053124018216570
195,198830,-0.0000036786615571010070762277031758266541056121185259840,-2385.1917004693644040310899456320683748568714358823
196,198840,0.0000047133603172889773279619101811955903300198485228460,2916.0758468856671964112235321556666612104922315221
197,198850,-0.0000044753555753066041379531040010397851938495869143718,-2796.4995041963987049029188215225139111825468537248
198,198860,0.0000035634412617578063044288350953335625646511951163478,2320.1036987044292242890327134890028627889910626776
199,198870,-0.0000035444769826971822233962834858138459826112572748155,-2311.8966684919285722674683674553819217225736283268
200,198880,0.0000029037855338746982062678011418464584645930366037105,1971.4056938233752100192500155403648301594253040804
201,198890,-0.0000028827515188569019695596716747214331827769662480111,-1962.2841829165465083687454125285571037111321397726
202,198900,2.377315709376178170959820447599831238969783784384E-7,116.8423643446485881347885707831411683377078747611
203,198910,-2.153824071874112385413425119100227791061912327908E-7,-107.1314741462864171153626437140981667748477843355
204,198920,0.0000034987328212123967384183784145700612566079651739955,2291.6138888528278008459914291494564281287159576378
205,198930,-0.0000034877638763136437487141243770829112494275697728458,-2286.8339402892127306570400418586572720183779590801
206,198940,0.0000035035807360175696919731600172027183075043589500918,2293.7383348198512177972289849043688943013052685068
207,198950,-0.0000034712860783840995204736499589142785111970519301985,-2279.6636000659595849351222347120248424201909845110
208,198960,0.0000036148564077772378968212188957929945875613328963585,2343.6467031643226036362592166159214944532544653760
209,198970,-0.0000038130665257759503098870541353379075838200963134599,-2445.8628845086934366929463847742716675954215721512
210,198980,3.509127698932678741249489939374895242663007005679E-7,175.8313005501288963187880165348712448716822532408
211,198990,-1.104732268001238340627518908291890488383387379007E-7,-55.1374634433744869804599546969603655049672972364
212,199000,1.041904378214868382660806273166755964623989379642E-7,50.1704135938217529972654622365042241101500222118
213,199010,-8.39755959347246761663116236355174620350951218847E-8,-41.2959793209888043865810506809183660193040057368
214,199020,0.0000035133558891633078383300314502132109679181571569122,2298.6475675659459379500871393050359403359852805140
215,199030,4.9103896636156114662927542121482671921881432811E-8,21.9588282249642635253205022685973708542003923886
216,199040,-8.3547737710793022640211618624452188458159947655E-8,-37.5306407593532991004413815255506671592223118933
217,199050,-4.1134108157629200930710513821959156592955629968E-8,-18.5987460609985504405640879177645335292288692895
218,199060,1.32936099197094349666618846840536206853831695184E-7,59.7808430026054936479185956588440341092036502974
219,199070,-1.65226685450803925816318088267152468462206518932E-7,-74.9436068698056633155016433351525472055990771430
220,199080,1.35746564537342063508253592735365198465130278619E-7,61.6481470455897783353006869827808536828083357148
221,199090,-6.2877452824306395305934447913829932169185922934E-8,-28.3665552426846427936458781410551349743335735207
222,199100,-0.0000036314371924617390034945060494745389038698370918576,-2365.4051036523517891678976147361566835233509393404
223,199110,0.0000044549998255850110855315682090693399962475674486706,2803.6714672299875589360036106862553866350733403081
224,199120,-0.0000040073778953075731735256615014742866689793191171213,-2578.6731755029381837218868414406293961625720353545
225,199130,-4.034438799875142812578720489987152936236207118786E-7,-204.5481181019180885906620155890847285553764032845
226,199140,0.0000036515560133075412813604194403716184671908091838519,2373.8305964320980725926328522575801955647698060096
227,199150,-3.24823575191855820144159907185420540690440160480E-7,-175.1894360541619678771545163776402873187637737001
228,199160,-0.000001684195740110665451948632087350590150088161681800,-1112.5334100664206545036416221228715864092265515373
229,199170,0.000002021020005250648198726646848656477413497307380738,1293.0744518321867223357972480523246338376328114877
230,199180,-3.9674303231132704090711794419499885579095093733E-8,-17.9882279453806879848938206811049349151990870264
231,199190,-0.0000033814347757262467540101477080699054174091662911572,-2239.6254345342352931691105013687422842351493831736
232,199200,0.0000028835599312896264554391382805109237596425582592282,1966.7009287880822957295775458593202850233193524404
233,199210,-0.0000026357542840030294263850641916878651209582446647981,-1845.1423954408123929117315090874997134472147524591
234,199220,-3.984827890839958759943237480337791309294184647015E-7,-202.1965862599879227512024471784294328114725434566
235,199230,9.6140766396218000322358493650848822949553411172E-9,4.3175954272995005038940912355035226959091934633
236,199240,0.0000035291067377265415467096240406857044182001661550004,2318.3659125473424822917508606471839792158501507640
237,199250,-0.0000035167130588916785478151071438489143115270514019168,-2312.8385975709774472762301510949383415914272545221
238,199260,1.12696860699772412337920020190420303623176896104E-8,4.7549055792241042142232450190781957094897876863
239,199270,1.74356698467310221473723122367501043895526528757E-8,7.9151457131805723038023760826989724885101318855
240,199280,2.243608809427719560252092173765730581426311990801E-7,114.2244164822699289480232341660203555757044518550
241,199290,1.830345935829792227231675132782848862216745478583E-7,92.3262311579688266347017275968028921130435397237
242,199300,-3.862408342156703018951935208014881332484004262087E-7,-197.0282986306382127801945869485288170605221779208
243,199310,1.593793465111067811948134470286959838064382206872E-7,83.0500179770306735666852207672551686086199089479
244,199320,-1.429975578004630734272713391281211140336918274832E-7,-75.6242134743620766172781351303916076297813606773
245,199330,0.0000035653975542672231769845882021274365086927385374020,2335.8063928457001337559684911746622879534969894787
246,199340,-0.000001024847354695134282485895520761512506998521013513,-606.8321992575146726048599090046044227561853587223
247,199350,-0.0000025194067975184260119924226456438760203464363582513,-1719.3667956754675540494855156946337341310792488309
248,199360,0.0000017641590450000674555588344264825461141498248336293,1164.5258737594458949715303578026674585673552675781
249,199370,-0.0000017509459118970385930886965547424185505100041288469,-1158.5046976057754206686160237472746768553941248372
250,199380,0.0000035458786188742712664252944059344055626839087607449,2326.9546489036216201565687207367912961949158083455
251,199390,-0.0000035338953388010409934564027899528371848435761637362,-2321.4822599820800562768731366677090093528491623154
252,199400,0.0000041085257115325107608782734311525563933748054007132,2643.3343762571959160816841960296343056547239762890
253,199410,-0.0000039041017863796266033388921132547448941863279772052,-2538.4146043298170025388680068516005762115822676397
254,199420,-1.824241545868881488870109180740694337032376500201E-7,-94.8269284947720941506155274820109664175496600534
255,199430,4.5961301870174309057610862392445747101849726178E-9,2.1109156228791568631999952406641558226873411606
256,199440,6.8298453278274794744359231489920302722846896132E-9,3.1271859586230646011738419070737287949796176632
257,199450,1.804590686934007547299046003890475171841357052211E-7,93.9458058311958032725331127819301160193978794691
258,199460,0.0000033339798034408781192082579511300080198504357454512,2218.6016506815933588291765413925288261704343364654
259,199470,-0.0000034991415253386917341823447272495277727758204973612,-2305.5097447312068630998393604747003274586593119920
260,199480,4.7730233742077465924892551965836798492044230794E-9,2.2012988377353568368731061242873913122194455193
261,199490,1.903710493760304505621313616181168349933337651074E-7,98.4485361329543795037590380733641039031457732445
262,199500,0.0000038485388653420599863513688111272146255757781833614,2511.9583371194742368824538771554541105550207165013
263,199510,-0.0000038407889265887682490717170785233925212947679331034,-2508.3886205839403546680655616801301441839564470098
264,199520,-0.0000097566475080628636153168650393117463198572337594556,-3238.8144545792565827259046799833231252952899176380
265,199530,0.0000097643522890283839663144849155314640405362882514849,3242.3737218882641581079777307203538196398183365302
266,199540,0.0000030103260426505681352742229181602396725020538649121,2041.9237099013342329502129310486953150825509156492
267,199550,-0.0000030568664679232388690193945343407856631030150833796,-2065.7336635432131859827962709237426129896373410847
268,199560,7.39732000255434293568137348916841244756459220646E-8,36.7781627025066874450758787754274350725878828450
269,199570,-1.82711694280008879877120680569237864797572884929E-8,-8.7427823867901170374283552630570735549561270954
270,199580,-1.721187091371527033352103429062338858106606160635E-7,-89.9282008226682806369278033180021550852070693640
271,199590,1.798478779356527627844231451151250122726627383096E-7,93.5319383010165127179421670456404811254010380172
272,199600,2.46407932826222432252597216959362390147444948678E-8,11.7009557973275125965478533276833549858711458405
273,199610,-0.0000058955635953311737317260397059978125466921189718821,-717.4891008273508499173448857072941949745765579219
274,199620,0.0000058766961874243417856916670430103669909513356296912,708.4826585715173225927492162536661032636107548815
275,199630,-1.665954310206492983929418482793791770597569472440E-7,-87.3450141728685920991253082441499539583616704285
276,199640,-0.0000091500450593155371980069914060909707648427564773151,-2895.6061403992463963907287496800888439175959039047
277,199650,0.0000034152974164146876491413392338529986613809207722146,2263.0474776118511805514523015541444478041928891237
278,199660,-0.0000037322819445111950873733800661038695265930201343146,-2454.9770885688989743530514854048230932506339856326
279,199670,0.0000096528277630797399088278518386986624731651465437741,3183.9346732034692058408765354914915477889201177489
280,199680,-0.0000071769800214217836264352886915022028113071994770971,-1614.8395473530837522796508337666738482448242285152
281,199690,0.0000012437984207243538042680557034766068998481484782428,879.9470212690531303229615950958387336669304964075
282,199700,0.0000059520671755749236502281113463166084045240095577869,743.6674031752771771689438043216532483253531564793
283,199710,-0.0000059700888507969730820997070161011205141084855390990,-752.1837839803742343325700990545914681237926843980
284,199720,-0.0000027936005021089004174483712031039461736450149849957,-1927.3750171596646895964583748014047255894676056987
285,199730,0.0000087891791642190153946748973685165270786321889897194,2691.6084247801360976536458988527018293720769839792
286,199740,-0.0000061494271202750872761163378962491924162132800156461,-843.4687335019390423709265316886539348720000759621
287,199750,0.0000061596868180355558619632380300947720457112947760273,848.3078303914875285580588677742859947839308546792
288,199760,-0.0000092794049763178818465057890591196394984346936665146,-2959.8093714628114078011189681254070809280865516895
289,199770,0.0000092894622129264146429926778442314561657309566502422,2964.5726175367714392331569548453677732905412155414
290,199780,0.0000038242690225932188597609907790476715404296565562938,2504.0768087194042592608545910721550976181497247989
291,199790,-0.0000098798787183673676540807554165737351103753692764278,-3296.7148716130457585584462957463261379363060997427
292,199800,-0.0000025075330152593242389568775458689183210588701398822,-1758.0280042666835864032029484690652091950808419471
293,199810,0.0000084150913396223886964350880654485886294109296127889,2472.1628312284507429715917355223149885323121298987
294,199820,1.789225688267756509620393684320341678168465131758E-7,93.2398249997836381759313049942372286958283356787
295,199830,-0.0000061035694756912320519209518303662066415283927659937,-815.5158114142519516880949125554637191425538591323
296,199840,0.0000098969673008687595975614573589282372757348560563390,3304.8560310657469155022211162543028490458003352447
297,199850,-0.0000099053771064862091418641811077623629393943116031102,-3308.9189393194014481779944321708807589640296765415
298,199860,-0.0000023558715867020866051750433091120669496713812728958,-1665.6846395473093833230209917478220556601426958001
299,199870,0.0000023431084442562323839742725119102228497186786895257,1659.5700120968735935983617104242944874917855358422
300,199880,1.535023405003620757920297107994475365968128299609E-7,81.0366957688810152606687930295658071321961737903
301,199890,-1.657898991103532364592172027850410511491777673141E-7,-86.9347338124369583513848958984418559647497436119
302,199900,0.0000075624766451843981070299945827434777017633906985476,1822.5239163704549214008058458491699135968785144402
303,199910,-0.0000013865863615484307955778737025226304288364046758105,-972.2327376409227037753170852031174666343253950760
304,199920,1.29026538832392708212308825299924783076732079587E-8,6.0454839400142221719507988295899728427358794156
305,199930,5.9652970625112889543950147743140160342322806132E-9,2.8725195715936948753533244387760477253356212082
306,199940,0.0000030339160717486513685679828803570728918021999649839,2066.6779654022799463482229507672457085696198299826
307,199950,-0.0000030221369407066606286406053739888780329757277091110,-2060.9972665962855845123316947832310437996633037033
308,199960,1.08605290515523583315565765755274370730367630673E-8,5.2714674189664697411216566824927641116144882859
309,199970,5.745079393104964790859948873054350435084037847E-10,0.2542576010762396017421735231768077967001042461
310,199980,-0.0000086958709601768869017549601667297026826063262370570,-2610.8504652382165592663546720828125555976092721132
311,199990,0.0000087077858003552525238953909475890390057300562595353,2616.6196278530441627703603405086348064066513213430
312,200000,0.0000036189445718036278973708959271430591283692429904632,2403.0243182933723791190285062322854599618929791897
313,200010,-0.0000099058581749470053213165901195993942722541759885419,-3306.8258346631461026266406493735105776935470586856
314,200020,0.0000063078301201119142743900381785160074246220784622654,913.9388534527507939591228440099159239982839715385
315,200030,-0.000006327097521158009663133134611295355086742724887393,-923.4022788477590412205403150234007975281542798148
316,200040,-0.000003158462310012829471190188500620812004821307274404,-2135.5441589335511206725499483356570449131119925302
317,200050,0.0000093470363363211745393446924130697760065676458435145,2985.2251032136822229266730937802964221817560991175
318,200060,0.0000036995176005214409737912675745518148687703450559368,2446.9412858465594295678227736704510982910705037012
319,200070,-0.0000035369728386268459373636630494538270807964845752847,-2361.3761394393613403101702150235394647098332641428
320,200080,0.000003655602780735650143732623948423013748849120540766,2422.7656872088411508950700878965184013586456599184
321,200090,-0.0000036394900523243901180618781812086922862432996688583,-2415.0344476027804032786160432095259325450791615245
322,200100,0.0000031276402404465991167374458862791056532275452958735,2120.7115110594029351965646728942479246755012939898
323,200110,-0.0000032699583531352020786332513664164301572969067468582,-2196.2360841557143284786778909681589903473926311937
324,200120,0.0000037818081650129930799576836613460167903126611198422,2490.5590206990917965607292612834369982169704987285
325,200130,-0.0000036167781642481365816887400867794106669694622125151,-2403.8937611347679987375560101584581004217598346181
326,200140,1.208905819768430433955379428504659778843850345606E-7,63.5867380943819385809040171387974543818214979264
327,200150,-2.619990460231332798163502775623062911348084068512E-7,-138.4938521349857371958259017147031285543888812835
328,200160,0.0000036856682148942925897959415803164608561606271244603,2441.6606129674868107693874093067997154944352749101
329,200170,-0.0000035203368019150182307851242712978709732888981170903,-2354.8229256036667714448534603704812424350230614878
330,200180,0.0000029806073036321712128933028731510329751665793816551,2041.4936780077491544683989620296329473240843645550
331,200190,-0.0000031176643369523691559965492479671447688489052077366,-2114.3781611638478473302069000810231801655205695513
332,200200,-0.0000063842624629924349486745072635899040973523202099594,-945.6078120464569832121204016418724919225677397465
333,200210,0.0000065455798897929387211494571557332292689792722300202,1030.4890274504328160586942258067628032443530690492
334,200220,0.0000030784233623966006835240525333293405726295719940445,2096.4807534834721354946150060706207132973587769940
335,200230,-0.0000031690314113344176827344857269537820061268127805262,-2145.0301147827310144699880369508134678152833293773
336,200240,3.147747528457211783099341882721902678401275455568E-7,166.5257563914491221528626644741748939662168412156
337,200250,-2.005900906748993310898137620075191673780239959334E-7,-106.2029995065072897193597050627092089961685399545
338,200260,0.000003544718208601841781717344362505218052438667620314,2368.1930599779916645850481311532722926024421313687
339,200270,-0.000010017594072389965144898685962196582157789023423060,-3357.8916909657453590601549122601333601831204154344
340,200280,-0.000002707185229728055903377493950215572048994490499228,-1886.4800624469906646837759804989811603094339975845
341,200290,0.0000091885402389092156304483352955389425196812636032695,2880.4426871378175015044546317957802071231238412295
342,200300,-1.202042807819059699903943716607206255322499727680E-7,-64.8796256504353549188836022893916052613814078594
343,200310,1.54923566922496821574482276987635075547617011607E-8,8.0687918579127969095704119555300225063017486516
344,200320,3.533248451162897205591961789351415155462737594774E-7,187.0384187865883479133161803726057402031728744556
345,200330,-0.000006772679094411984771759805160225788342785605608495,-1145.5679413088658312000251509073733164810003414866
346,200340,0.0000067777499194563738311067552062249515257221452846192,1148.1162346550685560988311589613584097789493232545
347,200350,-2.110900678847349454521239297966259888201593244557E-7,-111.5988450980972629773281797387062931605140581027
348,200360,-0.000006718026025182179276701287817562717252355042417302,-1116.5660363435517051329118476354870433409765764985
349,200370,0.0000067308422824598655525846513681084742547942285403172,1123.0007988102180378292890327346415961379803265887
350,200380,-0.000009729706603960369774445663154064460959132113036641,-3179.6588524896071483551429775764715751981950120716
351,200390,0.0000096286859774383255209953611009419055214552757607786,3124.9328595055673752110874818886155628688684041344
352,200400,7.5183668019386538099792479288017381896950486220E-9,3.7946058208065155585481762385297052159544734956
353,200410,1.022358638923773989052823759283262492617402768248E-7,54.4501884545090086054405653942849033031119122178
354,200420,-0.000006867404322095055505573266910063188507756122808223,-1193.8310029824083401684200084290715935958896441730
355,200430,1.98909861466826758292706191094176206814330870958E-7,106.7993396044486890936589029081762851567241203933
356,200440,0.0000068041204772734622462563557033584495109449827751361,1159.1421304306043156815899832759678116586955509497
357,200450,-1.993484572434572031549035514961764451177200184236E-7,-107.0628259674607123679006714404560248014112927130
358,200460,2.806597139208428457852805163162989403863211814938E-7,150.1968687017496015346323640154614443309133171609
359,200470,-1.585900666873734033877773739170331270510574507176E-7,-84.8233643988211897874132512233562905119003124985
360,200480,1.696275712308331808782961183788094331204653936735E-7,90.4375404482658408481077698626985332757672449565
361,200490,-1.555243923544741300872955439683972412060147125687E-7,-83.3220940829725570257921620848995450053047536783
362,200500,0.0000021278534900348783074764378591604281416607358259964,1544.7931204362018632310198841399285736984749669479
363,200510,-0.0000021147381761785326531429113717541626354461385999286,-1538.1151520308043122214085201888344897852212567545
364,200520,0.0000021457710857370138864918576100254290923760389471887,1558.8749435719664097931469159118670082653935987869
365,200530,-0.000009037993754691876960681705981713730559933279607818,-2761.8553255671207141963032164964071337472331604146
366,200540,0.0000094766397861983048118652209837377905639615282043258,3027.3768370199075431344102356037099903989754916625
367,200550,-0.0000026556410633205192670274592579559087984276481407634,-1863.7744854158684145516840932195312471917255096169
368,200560,0.0000033984562921280285785876726576309252554183506814120,2296.3758349260835181321771548118037321060876688052
369,200570,-0.0000033300946909756011844401648536809908922934199420272,-2260.1977519907929576098185298649984578906180033700
370,200580,2.033169761344257335790007357813065831969529861748E-7,109.5742758159781043769502012814804092228723397151
371,200590,-1.826855242423613682437257278110768896357259609135E-7,-98.9054246120181989417147846877204811490540781553
372,200600,0.0000026021144714847579170898077380228962881412149069520,1835.5594415831968726630691844717577845953150726759
373,200610,-0.0000025536999832278344600147368528525437214711150608155,-1809.1480899647215536600917541043207045259997787010
374,200620,0.0000029040837389840818985761585083692762496834014666707,2008.4736307611649636424614680448018797451435676371
375,200630,-0.0000029616290225632549700114502508453530711237192922129,-2040.4690120495015814073159694050354140552011629397
376,200640,0.0000033759201731197113423689814602085322657309304958924,2285.7414743979145272773801643275287551260251203618
377,200650,-0.0000032913655091932831223509927190529742754277437603444,-2239.8292275932456650329872781602590762349106633977
378,200660,-0.000010336994682290275178671420065626619029953151354043,-3522.1306360816803051119758054899976829184324141314
379,200670,0.000010350495397285019373799819691083630761298737892622,3529.1161056799538296823943018002333872777967844175
380,200680,0.0000024417533270920986061927458752824065545692328526326,1748.3354562195276767435009375561009967320238062645
381,200690,-0.0000024655510259662011186934753153015442463606048607679,-1762.0231550036916544024023492251923126940228796382
382,200700,0.0000024749733056286872795406034759606838842205584484757,1766.9303961117293622295375430592244447348291789358
383,200710,-0.0000024982203476219926080490358145152434602532922884859,-1779.8558483355621935506807937512910422415397601762
384,200720,0.0000025196658029765719342952731183976078816213104216134,1791.6616423610611398166403032530785149887647322012
385,200730,-0.0000024283402108954754487329319445269820232880467482973,-1742.1045740262531076987086056658316479765515643487
386,200740,0.0000022251830754641764576620987066809621818951111434203,1616.0005707919588301216676217592147218721811872742
387,200750,-0.0000022079955831583152285889499628640477971272346455593,-1607.0330439880323239999117750659119874033126177909
388,200760,1.77076301691349731946098361457054288673678047565E-8,9.3133134122993072913750456079241846146814623080
389,200770,-6.92378922164957615135659264659287067948815780353E-8,-38.0649960000336471319769939168430169965915997176
390,200780,8.61728070504311861500555967627568820701845777333E-8,46.9289924534104013801749463102312050570472379134
391,200790,2.9750954938306557094430269825018245890229458840E-9,1.5128143074974354990173814222091840279689281853
392,200800,3.92938603257644719799071748946869480080716630179E-8,20.8299280143231360286187191074372861585478223209
393,200810,-8.40996547824781932769300688862967062363279515977E-8,-45.9899033638287190976531811836905048275510823091
394,200820,1.11371535498504068106049951608613407338596986206E-8,5.8622223478577284060557437104891157588298173107
395,200830,1.09921901922882430130360825871539984603573699675E-8,5.7915934053643025968751555639244918309603685996
396,200840,9.967171016103392329908886931442762579648124196665E-7,758.2367160029263605179013532147504330649923930851
397,200850,-9.136317126939146272043705309600477038632365673870E-7,-712.9521639280774842625299844603268731448171304674
398,200860,0.0000025164853401997997633897883450231292922958523404247,1791.2096700976008293346963152777448609017175403687
399,200870,-0.0000024961619634119254926551015335636853537444642567874,-1780.4739281040995358974608273081698812955547318285
400,200880,1.763173286304318108370327609273114653628146065831E-7,97.6966555666526657961634183556963400590907243642
401,200890,-1.563138252586932899969282294364281701210726768569E-7,-87.1107141020482776842547241491883633705683741707
402,200900,0.0000025452451175746670286062481183048367721267491791558,1808.1923017138144259733656917560985722668459165036
403,200910,-0.0000025265145047869156179234477504064741483927680471070,-1798.2575862106808417323804849545005021905492474177
404,200920,8.54752171881791551527902682870059668291409590999E-8,47.0525144870877000623688705057722051751358647133
405,200930,-1.198243000048120367112404911978142525638087661260E-7,-66.4888590721442417622900830270161784198491778169
406,200940,0.0000022289431252421846951810950350211269314402039653993,1621.9888748337441923306021498678243465334387283611
407,200950,-0.0000022065211968923892421970244774023856925093065963327,-1610.0380655034616524894295417051411888835699434913
408,200960,0.0000013392637832241922897738180254224974635001556674768,972.8944694055535984422084476980376372784865079711
409,200970,-0.0000012691278809168594179028912339870766503908449188016,-934.3849892720786724362384454684120147864536890739
410,200980,-0.000009402942285364756909287828444488731426820837516793,-2886.3326246261600757140484470118652399953340017692
411,200990,0.0000094214088071880100169321385148081744385369961281815,2896.2127553137208384624633392750860325099752431473
412,201000,0.0000010906892871609850836548299911585893750749576819168,822.0407682579016310798721707509137194253487894930
413,201010,-0.0000010724798353590712341214285106331235357682877795242,-812.2770636301699450846799094724327140295055926219
414,201020,0.0000022806033503903947701135870182661870088393709241040,1661.6051723184423415901955390293437729563144337954
415,201030,-0.0000022629317018174869869273359222551690240620639852755,-1652.1102940400837476033487148319664257271721742080
416,201040,0.0000024657429246916720727185725940378702090004484612948,1766.6954283404050691552550668421399869036724847495
417,201050,-0.0000024735519168171651175776968284987913108696517114334,-1770.3826292504909638367640128682713895141276735854
418,201060,8.53032966096270079075744526178501372411794095263E-8,47.4786480677977668392078909224307461865404912538
419,201070,-4.59510803856703267731534824056080248296453607295E-8,-25.8996959914921721841839321397906399078776770756
420,201080,-3.26619229535524621056337636147765196191592564262E-8,-18.4210000888450012353643675785636664790018641062
421,201090,2.01586308826216305836849517499965615500733385410E-8,11.1709245967040834235403777501307177303957662720
422,201100,0.0000024263914772051756523708190891534242103386813111223,1743.8303464776233018728390244385510983620231558772
423,201110,-0.0000024223941505230232734037086504895708681543349595194,-1741.9271485904768500209554935932200588624866832930
424,201120,0.0000023944331792933159059608149931467755665547258735987,1726.3939695607113916505287929363721751470448747118
425,201130,-0.0000023400092553517414905598082983750667385225816858636,-1696.1791822544875260560333872448398376826259973015
426,201140,0.0000010278393665213157824544781876444619161927590657448,787.3632581887523634202022337650905593728887416219
427,201150,-0.0000010128531533262770407106439375916852046995920312572,-779.2064776590291208542370189050310427881959661898
428,201160,0.0000021125105055744139077190783282443437935643933447536,1558.1269741256728739456701969335614143205886988799
429,201170,-0.0000020971319310112608162526527629294623762239436499783,-1549.7571313976687688660335072287406613854285002707
430,201180,0.0000024008195884685449617653806369704807339825173231491,1730.6632519417630462649078446526766342940643936069
431,201190,-0.0000023991538516172933487787076292716240293145158660548,-1730.0691871052977398453256660887902274556009817192
432,201200,1.141889035519313176732845141428968620458850480471E-7,64.2490230010626729937394980124704782355900678175
433,201210,-8.16300031568342602322885626125747374509843187246E-8,-46.1392589669928654407681404554740388230493267410
434,201220,0.0000022948797217954663356007918497332768389669968232724,1671.1353223686813059560540996724831192011952456009
